sample,A1,C1,G1,T1,d1,m1,u1,A2,C2,G2,T2,d2,m2,u2,A3,C3,G3,T3,d3,m3,u3,,A_aver,C_aver,G_aver,T_aver,d_aver,m_aver,u_aver,,,SNP1,mut1,SNP2,mut2,SNP3,mut3,SNP_aver,mut_aver
A_HG,0,0,5.56E-08,0,8.33E-08,0,0,0,0,9.58E-09,0,5.75E-08,0,0,0,0,0,0,3.57E-08,0,0,,0,0,2.17E-08,0,5.88E-08,0,0,,,5.56E-08,8.33E-08,9.58E-09,5.75E-08,0,3.57E-08,2.17E-08,5.88E-08
A_neg,0,0,0,0,0,0,0,0,0,0,0,5.77E-08,0,0,0,0,0,0,8.94E-09,0,0,,0,0,0,0,2.22E-08,0,0,,,0,0,0,5.77E-08,0,8.94E-09,0,2.22E-08
A_pos,0,0,0,1.15E-07,0,0,0,0,0,0,0,1.22E-07,0,0,0,0,0,8.06E-07,2.78E-08,0,0,,0,0,0,3.07E-07,4.99E-08,0,0,,,1.15E-07,0,0,1.22E-07,8.06E-07,2.78E-08,3.07E-07,4.99E-08
C_HG,0,0,0,0,0,0,0,0,3.68E-08,0,0,1.23E-08,0,0,0,2.92E-08,0,0,2.92E-08,0,0,,0,2.20E-08,0,0,1.38E-08,0,0,,,0,0,3.68E-08,1.23E-08,2.92E-08,2.92E-08,2.20E-08,1.38E-08
C_neg,0,0,0,0,4.30E-08,0,1.08E-08,0,0,0,0,1.75E-08,0,0,0,0,0,0,8.66E-09,0,0,,0,0,0,0,2.30E-08,0,3.58E-09,,,0,4.30E-08,0,1.75E-08,0,8.66E-09,0,2.30E-08
C_pos,0,0,0,1.05E-06,0,0,0,0,0,0,8.80E-07,9.26E-08,0,0,0,0,0,0,8.57E-08,0,0,,0,0,0,6.42E-07,5.94E-08,0,0,,,1.05E-06,0,8.80E-07,9.26E-08,0,8.57E-08,6.42E-07,5.94E-08
D_HG,0.0000005,0,3.33E-07,0,0,0,2.22E-07,1.55E-08,0,0,0,7.75E-09,0,0,1.61E-07,0,5.38E-08,0,0,0,0,,2.26E-07,0,1.29E-07,0,2.58E-09,0,7.41E-08,,,8.33E-07,0,1.55E-08,7.75E-09,2.15E-07,0,3.55E-07,2.58E-09
D_neg,0,0,0,0,2.90E-08,1.45E-08,0,0,0,0,0,0,2.51E-08,0,0,0,0,0,6.97E-08,0,0,,0,0,0,0,3.29E-08,1.32E-08,0,,,0,4.35E-08,0,2.51E-08,0,6.97E-08,0,4.61E-08
D_pos,1.17E-06,0,0,0,8.33E-08,0,0.00000025,3.92E-07,0,0,0,0,0,0,1.01E-06,0,0,0,0,0,0,,8.56E-07,0,0,0,2.78E-08,0,8.33E-08,,,1.17E-06,8.33E-08,3.92E-07,0,1.01E-06,0,8.56E-07,2.78E-08
E_HG,2.90E-08,0,0,0,5.80E-08,0,0,2.22E-07,0,0,0,1.11E-07,0,0,3.66E-08,0,0,0,2.44E-08,0,0,,9.59E-08,0,0,0,6.45E-08,0,0,,,2.90E-08,5.80E-08,2.22E-07,1.11E-07,3.66E-08,2.44E-08,9.59E-08,6.45E-08
E_neg,0,0,0,0,5.05E-08,0,0,0,0,0,0,5.90E-08,0,0,0,0,0,0,0,0,0,,0,0,0,0,3.65E-08,0,0,,,0,5.05E-08,0,5.90E-08,0,0,0,3.65E-08
E_pos,0.0000007,0,0,0,1.33E-07,0,0,4.29E-07,0,0,0,0,0,0,6.28E-07,0,0,0,0,0,0,,5.86E-07,0,0,0,4.44E-08,0,0,,,0.0000007,1.33E-07,4.29E-07,0,6.28E-07,0,5.86E-07,4.44E-08
