,sample,med1,med2,med3,med
0,C,15310.080078125,15708.4794921875,16407.359375,15808.6396484375
1,755A,5567.0400390625,5670.7197265625,5633.27978515625,5623.679850260417
2,A,14284.7998046875,16439.0390625,15535.6796875,15419.839518229166
3,755_506,7122.23974609375,7800.9599609375,7973.759765625,7632.31982421875
4,506,15520.3193359375,15893.759765625,15707.51953125,15707.199544270834
5,G,15991.6796875,17306.87890625,16921.919921875,16740.159505208332
6,755G,9110.3994140625,10560.9599609375,11016.9599609375,10229.439778645834
7,755C,1343.0399169921875,1249.919921875,1416.9599609375,1336.6399332682292
